ListSchema={"schemaXmlList":["<Field ID=\"{fa564e0f-0c70-4ab9-b863-0177e6ddd247}\" Type=\"Text\" Name=\"Title\" DisplayName=\"Title\" Required=\"FALSE\" SourceID=\"http://schemas.microsoft.com/sharepoint/v3\" StaticName=\"Title\" FromBaseType=\"TRUE\" MaxLength=\"255\" />","<Field DisplayName=\"Agents and services\" Format=\"Dropdown\" IsModern=\"TRUE\" MaxLength=\"255\" Name=\"Agentsandservices\" Title=\"Agents and services\" Type=\"Text\" ID=\"{05727b33-8dde-4994-b304-4e9f51e6aee8}\" StaticName=\"Agentsandservices\" />","<Field ClientSideComponentId=\"00000000-0000-0000-0000-000000000000\" DisplayName=\"Policy limit\" Format=\"Dropdown\" MaxLength=\"255\" Name=\"PolicyLimit\" Title=\"Policy limit\" Type=\"Text\" ID=\"{dc9fac05-6f07-47f4-932a-0bb6e09b85fe}\" StaticName=\"PolicyLimit\" />","<Field DisplayName=\" User limit\" Format=\"Dropdown\" IsModern=\"TRUE\" MaxLength=\"255\" Name=\"Userlimit\" Title=\" User limit\" Type=\"Text\" ID=\"{4d234c0c-f3c3-46be-a2e7-c4581846b2ee}\" StaticName=\"Userlimit\" />","<Field DisplayName=\"Description\" Format=\"Dropdown\" IsModern=\"TRUE\" MaxLength=\"255\" Name=\"Description\" Title=\"Description\" Type=\"Text\" ID=\"{aad01eba-1e91-47b9-9e83-9a9046e112ec}\" StaticName=\"Description\" />","<Field ClientSideComponentId=\"00000000-0000-0000-0000-000000000000\" DisplayName=\"Security Group ID\" Format=\"Dropdown\" MaxLength=\"255\" Name=\"SecurityGroup\" Title=\"Security Group ID\" Type=\"Text\" ID=\"{0c34b8d6-a8a3-4540-94be-c2e4976909f5}\" StaticName=\"SecurityGroup\" />","<Field CommaSeparator=\"FALSE\" CustomUnitOnRight=\"TRUE\" DisplayName=\"Power level\" Format=\"Dropdown\" IsModern=\"TRUE\" Max=\"10\" Min=\"1\" Name=\"Powerlevel\" Percentage=\"FALSE\" Title=\"Power level\" Type=\"Number\" Unit=\"None\" ID=\"{2c2c2148-893f-4396-b37e-85a531871a4d}\" StaticName=\"Powerlevel\" />","<Field AppendOnly=\"FALSE\" DisplayName=\"Plan description\" Format=\"Dropdown\" IsModern=\"TRUE\" IsolateStyles=\"TRUE\" Name=\"Plandescription\" RichText=\"TRUE\" RichTextMode=\"FullHtml\" Title=\"Plan description\" Type=\"Note\" ID=\"{f69bc9fc-4b89-4652-85c0-08e867829d6a}\" StaticName=\"Plandescription\" />","<Field ID=\"{82642ec8-ef9b-478f-acf9-31f7d45fbc31}\" ReadOnly=\"TRUE\" Type=\"Computed\" Name=\"LinkTitle\" DisplayName=\"Title\" DisplayNameSrcField=\"Title\" ClassInfo=\"Menu\" AuthoringInfo=\"(linked to item with edit menu)\" ListItemMenuAllowed=\"Required\" LinkToItemAllowed=\"Prohibited\" SourceID=\"http://schemas.microsoft.com/sharepoint/v3\" StaticName=\"LinkTitle\" FromBaseType=\"TRUE\"><FieldRefs><FieldRef Name=\"Title\" /><FieldRef Name=\"LinkTitleNoMenu\" /><FieldRef Name=\"_EditMenuTableStart2\" /><FieldRef Name=\"_EditMenuTableEnd\" /></FieldRefs><DisplayPattern><FieldSwitch><Expr><GetVar Name=\"FreeForm\" /></Expr><Case Value=\"TRUE\"><Field Name=\"LinkTitleNoMenu\" /></Case><Default><HTML><![CDATA[<div class=\"ms-vb itx\" onmouseover=\"OnItem(this)\" CTXName=\"ctx]]></HTML><Field Name=\"_EditMenuTableStart2\" /><HTML><![CDATA[\">]]></HTML><Field Name=\"LinkTitleNoMenu\" /><HTML><![CDATA[</div>]]></HTML><HTML><![CDATA[<div class=\"s4-ctx\" onmouseover=\"OnChildItem(this.parentNode); return false;\">]]></HTML><HTML><![CDATA[<span>&nbsp;</span>]]></HTML><HTML><![CDATA[<a onfocus=\"OnChildItem(this.parentNode.parentNode); return false;\" onclick=\"PopMenuFromChevron(event); return false;\" href=\"javascript:;\" title=\"Open Menu\"></a>]]></HTML><HTML><![CDATA[<span>&nbsp;</span>]]></HTML><HTML><![CDATA[</div>]]></HTML></Default></FieldSwitch></DisplayPattern></Field>"]}
"ID","Title","Description","Agents and services"," User limit","Security Group ID","Power level","Plan description"
"1","Getting Started","Best for trying out Cowork and everyday productivity.","Copilot Cowork, Work IQ API","3,000‎ credits / month per user","ab36b72a-3f84-4eb4-a217-542b04d0ce63","1","<div>✓ Explore core Cowork experiences</div><div><p>✓ Ideal for occasional use</p><p>✓ Standard Work IQ API access</p></div><div class=""ExternalClassB87C17D49D004FF0A770DAF062CCD3D3""><div><span style=""box-sizing&#58;border-box;width&#58;22px;height&#58;22px;display&#58;grid;border-radius&#58;50%;color&#58;rgb(15, 108, 189);font-size&#58;12px;font-weight&#58;900;""><span style=""color&#58;rgb(61, 72, 92);font-size&#58;14px;font-weight&#58;400;text-align&#58;inherit;""><span style=""color&#58;rgb(15, 108, 189);font-family&#58;-apple-system, BlinkMacSystemFont, &quot;Segoe UI&quot;, Roboto, Oxygen, Ubuntu, Cantarell, &quot;Helvetica Neue&quot;, Arial, sans-serif;font-size&#58;12px;font-weight&#58;900;background-color&#58;rgb(255, 255, 255);display&#58;inline !important;""><div style=""margin-top&#58;12px;margin-bottom&#58;12px;"">
</div></span>
</span></span></div></div>"
"2","Business","Best for longer conversations and regular business use.","Copilot Cowork, Work IQ API","10,000‎ credits / month per user","f9aeee46-8c33-4c01-a818-70a847488a76","2","<div>✓ More room for longer conversations<p>✓ Designed for regular weekly use</p><p>✓ Manager-approved plan change</p></div><div class=""ExternalClass3C9C9F9FA83B458A86ADC49EB92D59B6""><div class=""ExternalClassB87C17D49D004FF0A770DAF062CCD3D3""><div><span style=""box-sizing&#58;border-box;width&#58;22px;height&#58;22px;display&#58;grid;border-radius&#58;50%;color&#58;rgb(15, 108, 189);font-size&#58;12px;font-weight&#58;900;""><span style=""color&#58;rgb(61, 72, 92);font-size&#58;14px;font-weight&#58;400;text-align&#58;inherit;""><span style=""color&#58;rgb(15, 108, 189);font-family&#58;-apple-system, BlinkMacSystemFont, &quot;Segoe UI&quot;, Roboto, Oxygen, Ubuntu, Cantarell, &quot;Helvetica Neue&quot;, Arial, sans-serif;font-size&#58;12px;font-weight&#58;900;background-color&#58;rgb(255, 255, 255);display&#58;inline !important;""><div style=""margin-top&#58;12px;margin-bottom&#58;12px;"">
</div></span>
</span></span></div></div></div>"
"3","Business Plus","Best for advanced work, analysis, and higher productivity.","Copilot Cowork, Work IQ API","‎50,000‎ credits / month per user","00827503-32fb-4c01-8a64-437d1e717432","3","<div>✓ High-volume Copilot Cowork usage<p>✓&#160;Advanced analysis and productivity</p><p>✓ Suitable for power users</p></div><div class=""ExternalClass3C9C9F9FA83B458A86ADC49EB92D59B6""><div class=""ExternalClassB87C17D49D004FF0A770DAF062CCD3D3""><div><span style=""box-sizing&#58;border-box;width&#58;22px;height&#58;22px;display&#58;grid;border-radius&#58;50%;color&#58;rgb(15, 108, 189);font-size&#58;12px;font-weight&#58;900;""><span style=""color&#58;rgb(61, 72, 92);font-size&#58;14px;font-weight&#58;400;text-align&#58;inherit;""><span style=""color&#58;rgb(15, 108, 189);font-family&#58;-apple-system, BlinkMacSystemFont, &quot;Segoe UI&quot;, Roboto, Oxygen, Ubuntu, Cantarell, &quot;Helvetica Neue&quot;, Arial, sans-serif;font-size&#58;12px;font-weight&#58;900;background-color&#58;rgb(255, 255, 255);display&#58;inline !important;""><div style=""margin-top&#58;12px;margin-bottom&#58;12px;"">
</div></span>
</span></span></div></div></div>"
"4","Business Catalyst","Best for research, coding, and demanding specialist work.","Copilot Cowork, Work IQ API","No limit","cd08c741-03fd-48af-aba6-052437ced2df","4","<div>✓ Maximum flexibility for intensive work<p>✓ Designed for research and coding</p><p>✓ Highest governed access tier</p></div><div class=""ExternalClass3C9C9F9FA83B458A86ADC49EB92D59B6""><div class=""ExternalClassB87C17D49D004FF0A770DAF062CCD3D3""><div><span style=""box-sizing&#58;border-box;width&#58;22px;height&#58;22px;display&#58;grid;border-radius&#58;50%;color&#58;rgb(15, 108, 189);font-size&#58;12px;font-weight&#58;900;""><span style=""color&#58;rgb(61, 72, 92);font-size&#58;14px;font-weight&#58;400;text-align&#58;inherit;""><span style=""color&#58;rgb(15, 108, 189);font-family&#58;-apple-system, BlinkMacSystemFont, &quot;Segoe UI&quot;, Roboto, Oxygen, Ubuntu, Cantarell, &quot;Helvetica Neue&quot;, Arial, sans-serif;font-size&#58;12px;font-weight&#58;900;background-color&#58;rgb(255, 255, 255);display&#58;inline !important;""><div style=""margin-top&#58;12px;margin-bottom&#58;12px;"">
</div></span>
</span></span></div></div></div>"
